{
	"Version": 3,
	"Meta": {
		"Duration": 5.333,
		"Fps": 60.0,
		"Loop": true,
		"AreBeziersRestricted": false,
		"CurveCount": 6,
		"TotalSegmentCount": 43,
		"TotalPointCount": 115,
		"UserDataCount": 0,
		"TotalUserDataSize": 0
	},
	"Curves": [
		{
			"Target": "Parameter",
			"Id": "Param70",
			"Segments": [
				0,
				0,
				0,
				5.333,
				36
			]
		},
		{
			"Target": "Parameter",
			"Id": "Param73",
			"Segments": [
				0,
				0,
				1,
				0.439,
				0,
				0.878,
				1,
				1.317,
				1,
				3,
				1.333,
				0,
				1,
				1.772,
				0,
				2.211,
				1,
				2.65,
				1,
				3,
				2.667,
				0,
				1,
				3.106,
				0,
				3.544,
				1,
				3.983,
				1,
				3,
				4,
				0,
				1,
				4.439,
				0,
				4.878,
				1,
				5.317,
				1,
				3,
				5.333,
				0
			]
		},
		{
			"Target": "Parameter",
			"Id": "Param74",
			"Segments": [
				0,
				0.509,
				1,
				0.217,
				0.756,
				0.433,
				1,
				0.65,
				1,
				3,
				0.667,
				0,
				1,
				1.106,
				0,
				1.544,
				1,
				1.983,
				1,
				3,
				2,
				0,
				1,
				2.439,
				0,
				2.878,
				1,
				3.317,
				1,
				3,
				3.333,
				0,
				1,
				3.772,
				0,
				4.211,
				1,
				4.65,
				1,
				3,
				4.667,
				0,
				1,
				4.889,
				0,
				5.111,
				0.256,
				5.333,
				0.509
			]
		},
		{
			"Target": "Parameter",
			"Id": "Param67",
			"Segments": [
				0,
				0,
				1,
				0.111,
				0,
				0.222,
				1,
				0.333,
				1,
				1,
				0.444,
				1,
				0.556,
				0,
				0.667,
				0,
				1,
				0.778,
				0,
				0.889,
				1,
				1,
				1,
				1,
				1.111,
				1,
				1.222,
				0,
				1.333,
				0,
				1,
				1.444,
				0,
				1.556,
				1,
				1.667,
				1,
				1,
				1.778,
				1,
				1.889,
				0,
				2,
				0,
				1,
				2.111,
				0,
				2.222,
				1,
				2.333,
				1,
				1,
				2.444,
				1,
				2.556,
				0,
				2.667,
				0,
				1,
				2.778,
				0,
				2.889,
				1,
				3,
				1,
				1,
				3.111,
				1,
				3.222,
				0,
				3.333,
				0,
				1,
				3.444,
				0,
				3.556,
				1,
				3.667,
				1,
				1,
				3.778,
				1,
				3.889,
				0,
				4,
				0,
				1,
				4.111,
				0,
				4.222,
				1,
				4.333,
				1,
				1,
				4.444,
				1,
				4.556,
				0,
				4.667,
				0,
				1,
				4.778,
				0,
				4.889,
				1,
				5,
				1,
				1,
				5.111,
				1,
				5.222,
				0,
				5.333,
				0
			]
		},
		{
			"Target": "Parameter",
			"Id": "Param2",
			"Segments": [
				0,
				0,
				0,
				5.333,
				5760
			]
		},
		{
			"Target": "Parameter",
			"Id": "Param",
			"Segments": [
				0,
				0,
				1,
				0.222,
				-20,
				0.444,
				-30,
				0.667,
				-30,
				1,
				0.889,
				-30,
				1.111,
				-20,
				1.333,
				0,
				1,
				1.556,
				20,
				1.778,
				30,
				2,
				30,
				1,
				2.222,
				30,
				2.444,
				20,
				2.667,
				0,
				1,
				2.889,
				-20,
				3.111,
				-30,
				3.333,
				-30,
				1,
				3.556,
				-30,
				3.778,
				-20,
				4,
				0,
				1,
				4.222,
				20,
				4.444,
				30,
				4.667,
				30,
				1,
				4.889,
				30,
				5.111,
				20,
				5.333,
				0
			]
		}
	]
}