{
    "Version": 1,
    "Name": "5. みつる(CC BY-NC-ND)",
    "ModelID": "d7a66cf1b117436496eb8a941562f685",
    "FileReferences": {
        "Icon": "Mituru_43.icon.jpg",
        "Model": "Mituru_44(CC BY-NC-ND).model3.json",
        "IdleAnimation": "BasicAnimation.motion3.json",
        "IdleAnimationWhenTrackingLost": ""
    },
    "ModelSaveMetadata": {
        "LastSavedVTubeStudioVersion": "1.31.15",
        "LastSavedPlatform": "Steam",
        "LastSavedDateUTC": "Friday, 30 May 2025, 12:07:18",
        "LastSavedDateLocalTime": "Friday, 30 May 2025, 20:07:18",
        "LastSavedDateUnixMillisecondTimestamp": "1748606838673"
    },
    "SavedModelPosition": {
        "Position": {
            "x": 0.13422727584838868,
            "y": 0.5369100570678711,
            "z": 0.0
        },
        "Rotation": {
            "x": 0.0,
            "y": 0.0,
            "z": 0.0,
            "w": 1.0
        },
        "Scale": {
            "x": 1.0,
            "y": 1.0,
            "z": 1.0
        }
    },
    "ModelPositionMovement": {
        "Use": false,
        "X": 4,
        "Y": 5,
        "Z": 6,
        "SmoothingX": 10,
        "SmoothingY": 10,
        "SmoothingZ": 10
    },
    "ItemSettings": {
        "OnlyMoveWhenPinned": false,
        "AllowNormalHotkeyTriggers": true,
        "Multiplier_HeadAngleX": 1.0,
        "Multiplier_HeadAngleY": 1.0,
        "Multiplier_HeadAngleZ": 1.0,
        "Shift_HeadAngleX": 0.0,
        "Shift_HeadAngleY": 0.0,
        "Smoothing_HeadAngleX": 15.0,
        "Smoothing_HeadAngleY": 15.0,
        "Smoothing_HeadAngleZ": 15.0
    },
    "PhysicsSettings": {
        "Use": true,
        "UseLegacyPhysics": false,
        "Live2DPhysicsFPS": 1,
        "PhysicsStrength": 50,
        "WindStrength": 20,
        "DraggingPhysicsStrength": 0
    },
    "GeneralSettings": {
        "TimeUntilTrackingLostIdleAnimation": 0.0,
        "WorkshopSharingForbidden": true,
        "EnableExpressionSaving": false
    },
    "ParameterSettings": [
        {
            "Folder": "",
            "Name": "Eye Open Left",
            "Input": "EyeOpenLeft",
            "InputRangeLower": 0.05000000074505806,
            "InputRangeUpper": 0.6499999761581421,
            "OutputRangeLower": 0.0,
            "OutputRangeUpper": 1.5,
            "ClampInput": false,
            "ClampOutput": false,
            "UseBlinking": false,
            "UseBreathing": false,
            "OutputLive2D": "ParamEyeLOpen",
            "Smoothing": 30,
            "Minimized": true
        },
        {
            "Folder": "",
            "Name": "Eye Smile Left",
            "Input": "MouthSmile",
            "InputRangeLower": 0.30000001192092898,
            "InputRangeUpper": 0.699999988079071,
            "OutputRangeLower": 0.0,
            "OutputRangeUpper": 1.0,
            "ClampInput": false,
            "ClampOutput": false,
            "UseBlinking": false,
            "UseBreathing": false,
            "OutputLive2D": "ParamEyeLSmile",
            "Smoothing": 10,
            "Minimized": true
        },
        {
            "Folder": "",
            "Name": "Eye Open Right",
            "Input": "EyeOpenRight",
            "InputRangeLower": 0.05000000074505806,
            "InputRangeUpper": 0.6499999761581421,
            "OutputRangeLower": 0.0,
            "OutputRangeUpper": 1.5,
            "ClampInput": false,
            "ClampOutput": false,
            "UseBlinking": false,
            "UseBreathing": false,
            "OutputLive2D": "ParamEyeROpen",
            "Smoothing": 30,
            "Minimized": true
        },
        {
            "Folder": "",
            "Name": "Eye Smile Right",
            "Input": "MouthSmile",
            "InputRangeLower": 0.30000001192092898,
            "InputRangeUpper": 0.699999988079071,
            "OutputRangeLower": 0.0,
            "OutputRangeUpper": 1.0,
            "ClampInput": false,
            "ClampOutput": false,
            "UseBlinking": false,
            "UseBreathing": false,
            "OutputLive2D": "ParamEyeRSmile",
            "Smoothing": 10,
            "Minimized": true
        },
        {
            "Folder": "",
            "Name": "Eye X",
            "Input": "EyeRightX",
            "InputRangeLower": -1.0,
            "InputRangeUpper": 1.0,
            "OutputRangeLower": 1.0,
            "OutputRangeUpper": -1.0,
            "ClampInput": false,
            "ClampOutput": false,
            "UseBlinking": false,
            "UseBreathing": false,
            "OutputLive2D": "ParamEyeBallX",
            "Smoothing": 8,
            "Minimized": true
        },
        {
            "Folder": "",
            "Name": "Eye Y",
            "Input": "EyeRightY",
            "InputRangeLower": -1.0,
            "InputRangeUpper": 1.0,
            "OutputRangeLower": -1.0,
            "OutputRangeUpper": 1.0,
            "ClampInput": false,
            "ClampOutput": false,
            "UseBlinking": false,
            "UseBreathing": false,
            "OutputLive2D": "ParamEyeBallY",
            "Smoothing": 8,
            "Minimized": true
        },
        {
            "Folder": "",
            "Name": "Mouth Smile",
            "Input": "MouthSmile",
            "InputRangeLower": 0.0,
            "InputRangeUpper": 1.0,
            "OutputRangeLower": -1.0,
            "OutputRangeUpper": 1.0,
            "ClampInput": false,
            "ClampOutput": false,
            "UseBlinking": false,
            "UseBreathing": false,
            "OutputLive2D": "ParamMouthForm",
            "Smoothing": 50,
            "Minimized": true
        },
        {
            "Folder": "",
            "Name": "Mouth Open",
            "Input": "MouthOpen",
            "InputRangeLower": 0.0,
            "InputRangeUpper": 1.0,
            "OutputRangeLower": 0.0,
            "OutputRangeUpper": 1.0,
            "ClampInput": false,
            "ClampOutput": false,
            "UseBlinking": false,
            "UseBreathing": false,
            "OutputLive2D": "ParamMouthOpenY",
            "Smoothing": 0,
            "Minimized": false
        },
        {
            "Folder": "",
            "Name": "Face Left/Right Rotation",
            "Input": "FaceAngleX",
            "InputRangeLower": -30.0,
            "InputRangeUpper": 30.0,
            "OutputRangeLower": -30.0,
            "OutputRangeUpper": 30.0,
            "ClampInput": false,
            "ClampOutput": false,
            "UseBlinking": false,
            "UseBreathing": false,
            "OutputLive2D": "ParamAngleX",
            "Smoothing": 15,
            "Minimized": true
        },
        {
            "Folder": "",
            "Name": "Face Up/Down Rotation",
            "Input": "FaceAngleY",
            "InputRangeLower": -25.0,
            "InputRangeUpper": 25.0,
            "OutputRangeLower": -30.0,
            "OutputRangeUpper": 30.0,
            "ClampInput": false,
            "ClampOutput": false,
            "UseBlinking": false,
            "UseBreathing": false,
            "OutputLive2D": "ParamAngleY",
            "Smoothing": 15,
            "Minimized": true
        },
        {
            "Folder": "",
            "Name": "Face Lean Rotation",
            "Input": "FaceAngleZ",
            "InputRangeLower": -20.0,
            "InputRangeUpper": 20.0,
            "OutputRangeLower": -20.0,
            "OutputRangeUpper": 20.0,
            "ClampInput": false,
            "ClampOutput": false,
            "UseBlinking": false,
            "UseBreathing": false,
            "OutputLive2D": "ParamAngleZ",
            "Smoothing": 30,
            "Minimized": true
        },
        {
            "Folder": "",
            "Name": "Body Rotation X",
            "Input": "FaceAngleX",
            "InputRangeLower": -30.0,
            "InputRangeUpper": 30.0,
            "OutputRangeLower": -30.0,
            "OutputRangeUpper": 30.0,
            "ClampInput": false,
            "ClampOutput": false,
            "UseBlinking": false,
            "UseBreathing": false,
            "OutputLive2D": "ParamBodyAngleX",
            "Smoothing": 20,
            "Minimized": true
        },
        {
            "Folder": "",
            "Name": "Body Rotation Y",
            "Input": "FaceAngleY",
            "InputRangeLower": -25.0,
            "InputRangeUpper": 25.0,
            "OutputRangeLower": -30.0,
            "OutputRangeUpper": 30.0,
            "ClampInput": false,
            "ClampOutput": false,
            "UseBlinking": false,
            "UseBreathing": false,
            "OutputLive2D": "ParamBodyAngleY",
            "Smoothing": 20,
            "Minimized": false
        },
        {
            "Folder": "",
            "Name": "Body Rotation Z",
            "Input": "FaceAngleZ",
            "InputRangeLower": -20.0,
            "InputRangeUpper": 20.0,
            "OutputRangeLower": -20.0,
            "OutputRangeUpper": 20.0,
            "ClampInput": false,
            "ClampOutput": false,
            "UseBlinking": false,
            "UseBreathing": false,
            "OutputLive2D": "ParamBodyAngleZ",
            "Smoothing": 20,
            "Minimized": true
        },
        {
            "Folder": "",
            "Name": "Auto Breath",
            "Input": "",
            "InputRangeLower": 0.0,
            "InputRangeUpper": 1.0,
            "OutputRangeLower": 0.0,
            "OutputRangeUpper": 1.0,
            "ClampInput": false,
            "ClampOutput": false,
            "UseBlinking": false,
            "UseBreathing": true,
            "OutputLive2D": "ParamBreath",
            "Smoothing": 0,
            "Minimized": true
        },
        {
            "Folder": "",
            "Name": "Blush when smiling",
            "Input": "MouthSmile",
            "InputRangeLower": 0.0,
            "InputRangeUpper": 1.0,
            "OutputRangeLower": 0.5,
            "OutputRangeUpper": 1.0,
            "ClampInput": false,
            "ClampOutput": false,
            "UseBlinking": false,
            "UseBreathing": false,
            "OutputLive2D": "ParamCheek",
            "Smoothing": 45,
            "Minimized": false
        },
        {
            "Folder": "",
            "Name": "Brow Height Left",
            "Input": "Brows",
            "InputRangeLower": 0.25,
            "InputRangeUpper": 0.8500000238418579,
            "OutputRangeLower": -1.0,
            "OutputRangeUpper": 1.0,
            "ClampInput": false,
            "ClampOutput": false,
            "UseBlinking": false,
            "UseBreathing": false,
            "OutputLive2D": "ParamBrowLY",
            "Smoothing": 10,
            "Minimized": false
        },
        {
            "Folder": "",
            "Name": "Brow Height Right",
            "Input": "Brows",
            "InputRangeLower": 0.25,
            "InputRangeUpper": 0.8500000238418579,
            "OutputRangeLower": -1.0,
            "OutputRangeUpper": 1.0,
            "ClampInput": false,
            "ClampOutput": false,
            "UseBlinking": false,
            "UseBreathing": false,
            "OutputLive2D": "ParamBrowRY",
            "Smoothing": 10,
            "Minimized": false
        },
        {
            "Folder": "",
            "Name": "Brow Form Left",
            "Input": "Brows",
            "InputRangeLower": 0.10000000149011612,
            "InputRangeUpper": 0.800000011920929,
            "OutputRangeLower": -1.0,
            "OutputRangeUpper": 1.0,
            "ClampInput": false,
            "ClampOutput": false,
            "UseBlinking": false,
            "UseBreathing": false,
            "OutputLive2D": "ParamBrowLForm",
            "Smoothing": 15,
            "Minimized": true
        },
        {
            "Folder": "",
            "Name": "Brow Form Right",
            "Input": "Brows",
            "InputRangeLower": 0.10000000149011612,
            "InputRangeUpper": 0.800000011920929,
            "OutputRangeLower": -1.0,
            "OutputRangeUpper": 1.0,
            "ClampInput": false,
            "ClampOutput": false,
            "UseBlinking": false,
            "UseBreathing": false,
            "OutputLive2D": "ParamBrowRForm",
            "Smoothing": 15,
            "Minimized": true
        }
    ],
    "Hotkeys": [
        {
            "HotkeyID": "4bdfc60ec4814903a04c2f4f0c157477",
            "Name": "浮水印｜Watermark｜ウォーターマーク",
            "Action": "ToggleExpression",
            "File": "浮水印｜Watermark｜ウォーターマーク.exp3.json",
            "Folder": "",
            "Position": {
                "X": 0.0,
                "Y": 0.0,
                "Z": 0.0,
                "Rotation": 0.0
            },
            "ColorOverlay": {
                "On": false,
                "IsStaticColor": false,
                "Display": -1,
                "WindowName": "",
                "IncludeLeft": false,
                "IncludeMid": false,
                "IncludeRight": false,
                "BaseValue": 0,
                "OverlayValue": 0,
                "Smoothing": 0,
                "IncludeItems": false,
                "StaticColor": {
                    "r": 0.0,
                    "g": 0.0,
                    "b": 0.0,
                    "a": 1.0
                }
            },
            "ColorScreenMultiplyPreset": {
                "ArtMeshMultiplyAndScreenColors": []
            },
            "HandGestureSettings": {
                "GestureLeft": "",
                "GestureRight": "",
                "GestureCombinator": "AND",
                "AllowMirroredGesture": false,
                "DeactivateExpWhenGestureNotDetected": false,
                "SecondsUntilDetection": 0.5,
                "SecondsDetected": 0.0,
                "PercentDetected": 0.0
            },
            "LoadModelSettings": {
                "LoadAtCurrentPosition": true
            },
            "TwitchTriggers": {
                "Active": false,
                "CooldownActive": false,
                "CooldownSeconds": 30.0,
                "ResetActive": false,
                "HideModelResetDialog": false,
                "Active_GiftSubTrigger": false,
                "Active_BitTrigger": false,
                "Active_RedeemTrigger": false,
                "Active_TextCommandTrigger": false,
                "Active_SubTrigger": false,
                "Active_FollowTrigger": false,
                "Active_RaidTrigger": false,
                "Active_ShoutoutTrigger": false,
                "Active_AdbreakTrigger": false,
                "Trigger_TextCommandTrigger": "",
                "Trigger_Redeem_Name": "",
                "Trigger_Redeem_ID": "",
                "UseTextTriggerUserTypeRestriction": false,
                "RestrictTextTriggerTo": {
                    "Allowed_You": true,
                    "Allowed_Subs": false,
                    "Allowed_Mods": false,
                    "Allowed_VIPs": false,
                    "Allowed_Artists": false,
                    "Allowed_UserNames": false,
                    "UserNames": [],
                    "Allowed_UserIDs": false,
                    "UserIDs": []
                },
                "AllowRepeatedFollow": false,
                "Trigger_GiftSubTrigger": {
                    "Min": 1.0,
                    "Max": 100.0
                },
                "Trigger_BitTrigger": {
                    "Min": 100.0,
                    "Max": 3000.0
                }
            },
            "Triggers": {
                "Trigger1": "",
                "Trigger2": "",
                "Trigger3": "",
                "ScreenButton": 1
            },
            "IsGlobal": true,
            "IsActive": true,
            "Minimized": false,
            "StopsOnLastFrame": false,
            "DeactivateAfterKeyUp": false,
            "OnlyLoadOneRandomItem": false,
            "DeactivateAfterSeconds": false,
            "DeactivateAfterSecondsAmount": 10.0,
            "FadeSecondsAmount": 0.5,
            "OnScreenHotkeyColor": {
                "r": 0.6947088241577148,
                "g": 0.0,
                "b": 1.0,
                "a": 1.0
            }
        },
        {
            "HotkeyID": "503e384aa1494b5fb506471eb0139768",
            "Name": "圈圈眼｜RoundEyes｜ぐるぐる目",
            "Action": "ToggleExpression",
            "File": "圈圈眼｜RoundEyes｜ぐるぐる目.exp3.json",
            "Folder": "",
            "Position": {
                "X": 0.0,
                "Y": 0.0,
                "Z": 0.0,
                "Rotation": 0.0
            },
            "ColorOverlay": {
                "On": false,
                "IsStaticColor": false,
                "Display": -1,
                "WindowName": "",
                "IncludeLeft": false,
                "IncludeMid": false,
                "IncludeRight": false,
                "BaseValue": 0,
                "OverlayValue": 0,
                "Smoothing": 0,
                "IncludeItems": false,
                "StaticColor": {
                    "r": 0.0,
                    "g": 0.0,
                    "b": 0.0,
                    "a": 1.0
                }
            },
            "ColorScreenMultiplyPreset": {
                "ArtMeshMultiplyAndScreenColors": []
            },
            "HandGestureSettings": {
                "GestureLeft": "",
                "GestureRight": "",
                "GestureCombinator": "AND",
                "AllowMirroredGesture": false,
                "DeactivateExpWhenGestureNotDetected": false,
                "SecondsUntilDetection": 0.5,
                "SecondsDetected": 0.0,
                "PercentDetected": 0.0
            },
            "LoadModelSettings": {
                "LoadAtCurrentPosition": true
            },
            "TwitchTriggers": {
                "Active": false,
                "CooldownActive": false,
                "CooldownSeconds": 30.0,
                "ResetActive": false,
                "HideModelResetDialog": false,
                "Active_GiftSubTrigger": false,
                "Active_BitTrigger": false,
                "Active_RedeemTrigger": false,
                "Active_TextCommandTrigger": false,
                "Active_SubTrigger": false,
                "Active_FollowTrigger": false,
                "Active_RaidTrigger": false,
                "Active_ShoutoutTrigger": false,
                "Active_AdbreakTrigger": false,
                "Trigger_TextCommandTrigger": "",
                "Trigger_Redeem_Name": "",
                "Trigger_Redeem_ID": "",
                "UseTextTriggerUserTypeRestriction": false,
                "RestrictTextTriggerTo": {
                    "Allowed_You": true,
                    "Allowed_Subs": false,
                    "Allowed_Mods": false,
                    "Allowed_VIPs": false,
                    "Allowed_Artists": false,
                    "Allowed_UserNames": false,
                    "UserNames": [],
                    "Allowed_UserIDs": false,
                    "UserIDs": []
                },
                "AllowRepeatedFollow": false,
                "Trigger_GiftSubTrigger": {
                    "Min": 1.0,
                    "Max": 100.0
                },
                "Trigger_BitTrigger": {
                    "Min": 100.0,
                    "Max": 3000.0
                }
            },
            "Triggers": {
                "Trigger1": "LeftShift",
                "Trigger2": "N1",
                "Trigger3": "",
                "ScreenButton": 3
            },
            "IsGlobal": true,
            "IsActive": true,
            "Minimized": false,
            "StopsOnLastFrame": false,
            "DeactivateAfterKeyUp": false,
            "OnlyLoadOneRandomItem": false,
            "DeactivateAfterSeconds": false,
            "DeactivateAfterSecondsAmount": 10.0,
            "FadeSecondsAmount": 0.5,
            "OnScreenHotkeyColor": {
                "r": 0.0033426284790039064,
                "g": 0.0,
                "b": 1.0,
                "a": 1.0
            }
        },
        {
            "HotkeyID": "31107c3dba164fc4b96a1fc29ff45f81",
            "Name": "失神｜Absentminded｜ぼんやり",
            "Action": "ToggleExpression",
            "File": "失神｜Absentminded｜ぼんやり.exp3.json",
            "Folder": "",
            "Position": {
                "X": 0.0,
                "Y": 0.0,
                "Z": 0.0,
                "Rotation": 0.0
            },
            "ColorOverlay": {
                "On": false,
                "IsStaticColor": false,
                "Display": -1,
                "WindowName": "",
                "IncludeLeft": false,
                "IncludeMid": false,
                "IncludeRight": false,
                "BaseValue": 0,
                "OverlayValue": 0,
                "Smoothing": 0,
                "IncludeItems": false,
                "StaticColor": {
                    "r": 0.0,
                    "g": 0.0,
                    "b": 0.0,
                    "a": 1.0
                }
            },
            "ColorScreenMultiplyPreset": {
                "ArtMeshMultiplyAndScreenColors": []
            },
            "HandGestureSettings": {
                "GestureLeft": "",
                "GestureRight": "",
                "GestureCombinator": "AND",
                "AllowMirroredGesture": false,
                "DeactivateExpWhenGestureNotDetected": false,
                "SecondsUntilDetection": 0.5,
                "SecondsDetected": 0.0,
                "PercentDetected": 0.0
            },
            "LoadModelSettings": {
                "LoadAtCurrentPosition": true
            },
            "TwitchTriggers": {
                "Active": false,
                "CooldownActive": false,
                "CooldownSeconds": 30.0,
                "ResetActive": false,
                "HideModelResetDialog": false,
                "Active_GiftSubTrigger": false,
                "Active_BitTrigger": false,
                "Active_RedeemTrigger": false,
                "Active_TextCommandTrigger": false,
                "Active_SubTrigger": false,
                "Active_FollowTrigger": false,
                "Active_RaidTrigger": false,
                "Active_ShoutoutTrigger": false,
                "Active_AdbreakTrigger": false,
                "Trigger_TextCommandTrigger": "",
                "Trigger_Redeem_Name": "",
                "Trigger_Redeem_ID": "",
                "UseTextTriggerUserTypeRestriction": false,
                "RestrictTextTriggerTo": {
                    "Allowed_You": true,
                    "Allowed_Subs": false,
                    "Allowed_Mods": false,
                    "Allowed_VIPs": false,
                    "Allowed_Artists": false,
                    "Allowed_UserNames": false,
                    "UserNames": [],
                    "Allowed_UserIDs": false,
                    "UserIDs": []
                },
                "AllowRepeatedFollow": false,
                "Trigger_GiftSubTrigger": {
                    "Min": 1.0,
                    "Max": 100.0
                },
                "Trigger_BitTrigger": {
                    "Min": 100.0,
                    "Max": 3000.0
                }
            },
            "Triggers": {
                "Trigger1": "LeftShift",
                "Trigger2": "N2",
                "Trigger3": "",
                "ScreenButton": 4
            },
            "IsGlobal": true,
            "IsActive": true,
            "Minimized": false,
            "StopsOnLastFrame": false,
            "DeactivateAfterKeyUp": false,
            "OnlyLoadOneRandomItem": false,
            "DeactivateAfterSeconds": false,
            "DeactivateAfterSecondsAmount": 10.0,
            "FadeSecondsAmount": 0.5,
            "OnScreenHotkeyColor": {
                "r": 0.0033426284790039064,
                "g": 0.0,
                "b": 1.0,
                "a": 1.0
            }
        },
        {
            "HotkeyID": "81d6a3ef88274b6a8306d3db8ff9b6c1",
            "Name": "臉紅｜Shy｜恥ずかしい",
            "Action": "ToggleExpression",
            "File": "臉紅｜Shy｜恥ずかしい.exp3.json",
            "Folder": "",
            "Position": {
                "X": 0.0,
                "Y": 0.0,
                "Z": 0.0,
                "Rotation": 0.0
            },
            "ColorOverlay": {
                "On": false,
                "IsStaticColor": false,
                "Display": -1,
                "WindowName": "",
                "IncludeLeft": false,
                "IncludeMid": false,
                "IncludeRight": false,
                "BaseValue": 0,
                "OverlayValue": 0,
                "Smoothing": 0,
                "IncludeItems": false,
                "StaticColor": {
                    "r": 0.0,
                    "g": 0.0,
                    "b": 0.0,
                    "a": 1.0
                }
            },
            "ColorScreenMultiplyPreset": {
                "ArtMeshMultiplyAndScreenColors": []
            },
            "HandGestureSettings": {
                "GestureLeft": "",
                "GestureRight": "",
                "GestureCombinator": "AND",
                "AllowMirroredGesture": false,
                "DeactivateExpWhenGestureNotDetected": false,
                "SecondsUntilDetection": 0.5,
                "SecondsDetected": 0.0,
                "PercentDetected": 0.0
            },
            "LoadModelSettings": {
                "LoadAtCurrentPosition": true
            },
            "TwitchTriggers": {
                "Active": false,
                "CooldownActive": false,
                "CooldownSeconds": 30.0,
                "ResetActive": false,
                "HideModelResetDialog": false,
                "Active_GiftSubTrigger": false,
                "Active_BitTrigger": false,
                "Active_RedeemTrigger": false,
                "Active_TextCommandTrigger": false,
                "Active_SubTrigger": false,
                "Active_FollowTrigger": false,
                "Active_RaidTrigger": false,
                "Active_ShoutoutTrigger": false,
                "Active_AdbreakTrigger": false,
                "Trigger_TextCommandTrigger": "",
                "Trigger_Redeem_Name": "",
                "Trigger_Redeem_ID": "",
                "UseTextTriggerUserTypeRestriction": false,
                "RestrictTextTriggerTo": {
                    "Allowed_You": true,
                    "Allowed_Subs": false,
                    "Allowed_Mods": false,
                    "Allowed_VIPs": false,
                    "Allowed_Artists": false,
                    "Allowed_UserNames": false,
                    "UserNames": [],
                    "Allowed_UserIDs": false,
                    "UserIDs": []
                },
                "AllowRepeatedFollow": false,
                "Trigger_GiftSubTrigger": {
                    "Min": 1.0,
                    "Max": 100.0
                },
                "Trigger_BitTrigger": {
                    "Min": 100.0,
                    "Max": 3000.0
                }
            },
            "Triggers": {
                "Trigger1": "LeftShift",
                "Trigger2": "N3",
                "Trigger3": "",
                "ScreenButton": 5
            },
            "IsGlobal": true,
            "IsActive": true,
            "Minimized": false,
            "StopsOnLastFrame": false,
            "DeactivateAfterKeyUp": false,
            "OnlyLoadOneRandomItem": false,
            "DeactivateAfterSeconds": false,
            "DeactivateAfterSecondsAmount": 10.0,
            "FadeSecondsAmount": 0.5,
            "OnScreenHotkeyColor": {
                "r": 0.0,
                "g": 0.4787931442260742,
                "b": 1.0,
                "a": 1.0
            }
        },
        {
            "HotkeyID": "daf14040fcf94bd9a12b91557de9c895",
            "Name": "尾巴旋轉｜TailSpin｜しっぽの回転",
            "Action": "ToggleExpression",
            "File": "尾巴旋轉｜TailSpin｜しっぽの回転.exp3.json",
            "Folder": "",
            "Position": {
                "X": 0.0,
                "Y": 0.0,
                "Z": 0.0,
                "Rotation": 0.0
            },
            "ColorOverlay": {
                "On": false,
                "IsStaticColor": false,
                "Display": -1,
                "WindowName": "",
                "IncludeLeft": false,
                "IncludeMid": false,
                "IncludeRight": false,
                "BaseValue": 0,
                "OverlayValue": 0,
                "Smoothing": 0,
                "IncludeItems": false,
                "StaticColor": {
                    "r": 0.0,
                    "g": 0.0,
                    "b": 0.0,
                    "a": 1.0
                }
            },
            "ColorScreenMultiplyPreset": {
                "ArtMeshMultiplyAndScreenColors": []
            },
            "HandGestureSettings": {
                "GestureLeft": "",
                "GestureRight": "",
                "GestureCombinator": "AND",
                "AllowMirroredGesture": false,
                "DeactivateExpWhenGestureNotDetected": false,
                "SecondsUntilDetection": 0.5,
                "SecondsDetected": 0.0,
                "PercentDetected": 0.0
            },
            "LoadModelSettings": {
                "LoadAtCurrentPosition": true
            },
            "TwitchTriggers": {
                "Active": false,
                "CooldownActive": false,
                "CooldownSeconds": 30.0,
                "ResetActive": false,
                "HideModelResetDialog": false,
                "Active_GiftSubTrigger": false,
                "Active_BitTrigger": false,
                "Active_RedeemTrigger": false,
                "Active_TextCommandTrigger": false,
                "Active_SubTrigger": false,
                "Active_FollowTrigger": false,
                "Active_RaidTrigger": false,
                "Active_ShoutoutTrigger": false,
                "Active_AdbreakTrigger": false,
                "Trigger_TextCommandTrigger": "",
                "Trigger_Redeem_Name": "",
                "Trigger_Redeem_ID": "",
                "UseTextTriggerUserTypeRestriction": false,
                "RestrictTextTriggerTo": {
                    "Allowed_You": true,
                    "Allowed_Subs": false,
                    "Allowed_Mods": false,
                    "Allowed_VIPs": false,
                    "Allowed_Artists": false,
                    "Allowed_UserNames": false,
                    "UserNames": [],
                    "Allowed_UserIDs": false,
                    "UserIDs": []
                },
                "AllowRepeatedFollow": false,
                "Trigger_GiftSubTrigger": {
                    "Min": 1.0,
                    "Max": 100.0
                },
                "Trigger_BitTrigger": {
                    "Min": 100.0,
                    "Max": 3000.0
                }
            },
            "Triggers": {
                "Trigger1": "LeftShift",
                "Trigger2": "N4",
                "Trigger3": "",
                "ScreenButton": 6
            },
            "IsGlobal": true,
            "IsActive": true,
            "Minimized": false,
            "StopsOnLastFrame": false,
            "DeactivateAfterKeyUp": false,
            "OnlyLoadOneRandomItem": false,
            "DeactivateAfterSeconds": false,
            "DeactivateAfterSecondsAmount": 10.0,
            "FadeSecondsAmount": 0.009999999776482582,
            "OnScreenHotkeyColor": {
                "r": 0.0,
                "g": 0.7880878448486328,
                "b": 1.0,
                "a": 1.0
            }
        },
        {
            "HotkeyID": "1dc76c0e75304b528ea1a9ddc793c128",
            "Name": "尾巴角度｜TailAngle｜しっぽの角度",
            "Action": "ToggleExpression",
            "File": "尾巴角度｜TailAngle｜しっぽの角度.exp3.json",
            "Folder": "",
            "Position": {
                "X": 0.0,
                "Y": 0.0,
                "Z": 0.0,
                "Rotation": 0.0
            },
            "ColorOverlay": {
                "On": false,
                "IsStaticColor": false,
                "Display": -1,
                "WindowName": "",
                "IncludeLeft": false,
                "IncludeMid": false,
                "IncludeRight": false,
                "BaseValue": 0,
                "OverlayValue": 0,
                "Smoothing": 0,
                "IncludeItems": false,
                "StaticColor": {
                    "r": 0.0,
                    "g": 0.0,
                    "b": 0.0,
                    "a": 1.0
                }
            },
            "ColorScreenMultiplyPreset": {
                "ArtMeshMultiplyAndScreenColors": []
            },
            "HandGestureSettings": {
                "GestureLeft": "",
                "GestureRight": "",
                "GestureCombinator": "AND",
                "AllowMirroredGesture": false,
                "DeactivateExpWhenGestureNotDetected": false,
                "SecondsUntilDetection": 0.5,
                "SecondsDetected": 0.0,
                "PercentDetected": 0.0
            },
            "LoadModelSettings": {
                "LoadAtCurrentPosition": true
            },
            "TwitchTriggers": {
                "Active": false,
                "CooldownActive": false,
                "CooldownSeconds": 30.0,
                "ResetActive": false,
                "HideModelResetDialog": false,
                "Active_GiftSubTrigger": false,
                "Active_BitTrigger": false,
                "Active_RedeemTrigger": false,
                "Active_TextCommandTrigger": false,
                "Active_SubTrigger": false,
                "Active_FollowTrigger": false,
                "Active_RaidTrigger": false,
                "Active_ShoutoutTrigger": false,
                "Active_AdbreakTrigger": false,
                "Trigger_TextCommandTrigger": "",
                "Trigger_Redeem_Name": "",
                "Trigger_Redeem_ID": "",
                "UseTextTriggerUserTypeRestriction": false,
                "RestrictTextTriggerTo": {
                    "Allowed_You": true,
                    "Allowed_Subs": false,
                    "Allowed_Mods": false,
                    "Allowed_VIPs": false,
                    "Allowed_Artists": false,
                    "Allowed_UserNames": false,
                    "UserNames": [],
                    "Allowed_UserIDs": false,
                    "UserIDs": []
                },
                "AllowRepeatedFollow": false,
                "Trigger_GiftSubTrigger": {
                    "Min": 1.0,
                    "Max": 100.0
                },
                "Trigger_BitTrigger": {
                    "Min": 100.0,
                    "Max": 3000.0
                }
            },
            "Triggers": {
                "Trigger1": "LeftShift",
                "Trigger2": "N5",
                "Trigger3": "",
                "ScreenButton": 7
            },
            "IsGlobal": true,
            "IsActive": true,
            "Minimized": false,
            "StopsOnLastFrame": false,
            "DeactivateAfterKeyUp": false,
            "OnlyLoadOneRandomItem": false,
            "DeactivateAfterSeconds": false,
            "DeactivateAfterSecondsAmount": 10.0,
            "FadeSecondsAmount": 1.0,
            "OnScreenHotkeyColor": {
                "r": 0.0,
                "g": 0.7516999244689941,
                "b": 1.0,
                "a": 1.0
            }
        }
    ],
    "HotkeySettings": {
        "UseOnScreenHotkeys": true,
        "UseKeyboardHotkeys": true,
        "SendOnScreenHotkeysToPC": true,
        "OnScreenHotkeyAlpha": 70
    },
    "ArtMeshDetails": {
        "ArtMeshesExcludedFromPinning": [],
        "ArtMeshesThatDeleteItemsOnDrop": [],
        "ArtMeshSceneLightingMultipliers": [],
        "ArtMeshMultiplyAndScreenColors": []
    },
    "ParameterCustomization": {
        "ParametersExcludedFromVNetSmoothing": []
    },
    "PhysicsCustomizationSettings": {
        "PhysicsMultipliersPerPhysicsGroup": [],
        "WindMultipliersPerPhysicsGroup": [],
        "DraggingPhysicsMultipliersPerPhysicsGroup": []
    },
    "FolderInfo": {
        "HotkeyFolders": [],
        "ConfigItemFolders": []
    },
    "SavedActiveExpressions": []
}